{"cameraMode":{"drawMode":0,"name":"Shaded","section":"Shading Mode"},"sceneLighting":true,"audioPlay":false,"sceneViewState":{"m_AlwaysRefresh":false,"showFog":true,"showSkybox":true,"showFlares":true,"showImageEffects":true,"showParticleSystems":true,"showVisualEffectGraphs":true,"m_FxEnabled":true},"in2DMode":false,"pivot":{"x":-49.789451599121097,"y":-7.3046722412109379,"z":134.06683349609376},"rotation":{"x":-0.08802119642496109,"y":0.21694917976856233,"z":-0.019645998254418374,"w":-0.9720085263252258},"size":286.4881286621094,"orthographic":false}